{
    "CompileProcesses": [
        "cgproc.47503.json"
    ],
    "cycles_program_begin": 19117616687172,
    "stat": {
        "ru_self_cgstart": {
            "ru_nivcsw": 232,
            "ru_utime_sec": 16.311937,
            "ru_minflt": 109926,
            "ru_stime_sec": 1.1403509999999999,
            "ru_maxrss_kb": 181328,
            "ru_nvcsw": 535,
            "ru_majflt": 0
        },
        "ru_self_end": {
            "ru_nivcsw": 233,
            "ru_utime_sec": 16.430755999999999,
            "ru_minflt": 115621,
            "ru_stime_sec": 1.1558950000000001,
            "ru_maxrss_kb": 181328,
            "ru_nvcsw": 540,
            "ru_majflt": 0
        },
        "realTime": 16.53886890411377,
        "totalObjSize": 10132,
        "ru_childs_cgstart": {
            "ru_nivcsw": 37,
            "ru_utime_sec": 0.62559299999999995,
            "ru_minflt": 23870,
            "ru_stime_sec": 0.79413299999999998,
            "ru_maxrss_kb": 119524,
            "ru_nvcsw": 87,
            "ru_majflt": 0
        },
        "cpu_cycles_end": 19165366813695,
        "cpu_cycles_cgstart": 19164945996900,
        "ru_childs_end": {
            "ru_nivcsw": 39,
            "ru_utime_sec": 0.62676699999999996,
            "ru_minflt": 24494,
            "ru_stime_sec": 0.801176,
            "ru_maxrss_kb": 119872,
            "ru_nvcsw": 88,
            "ru_majflt": 0
        },
        "nMops": 0,
        "cpu_cycles_total": 47750126523,
        "CodeGen(%)": 0.7034608717807439,
        "nQuads": 0,
        "mopSpeed": 0.0,
        "peak_mem_kb": 440156,
        "quadSpeed": 0.0,
        "mop/quad": 0.0,
        "Frontend(%)": 99.296539128219266
    },
    "perf": [
        {
            "stat": [
                "main",
                "entry",
                0.042374849319458008,
                0.095482999999999998,
                0.064152000000000001,
                211448,
                211448,
                0.0,
                0.0,
                1654496879.2657249,
                19117617503406
            ],
            "sub": [
                {
                    "stat": [
                        "doParsingAndDesignResolution",
                        "entry",
                        0.09595799446105957,
                        0.10025299999999999,
                        0.089932999999999999,
                        267376,
                        268176,
                        0.0,
                        0.0,
                        1654496879.319308,
                        19117772637137
                    ],
                    "sub": []
                },
                {
                    "stat": [
                        "doParsingAndDesignResolution",
                        "exit",
                        5.8181209564208984,
                        6.4543999999999997,
                        0.65279799999999999,
                        414796,
                        440156,
                        0.0,
                        0.0,
                        1654496885.041471,
                        19134335644619
                    ],
                    "sub": []
                },
                {
                    "stat": [
                        "doPostDesignResolutionToVir2Vcs",
                        "entry",
                        5.9825639724731445,
                        6.5373250000000001,
                        0.73407,
                        400816,
                        440156,
                        0.0,
                        0.0,
                        1654496885.205914,
                        19134811791912
                    ],
                    "sub": [
                        {
                            "stat": [
                                "doUptoVir2VcsNoSepCleanup",
                                "entry",
                                8.4936559200286865,
                                8.7689780000000006,
                                1.013131,
                                401332,
                                440156,
                                0.56846300000000005,
                                0.68813599999999997,
                                1654496887.717006,
                                19142080087368
                            ],
                            "sub": []
                        },
                        {
                            "stat": [
                                "doUptoVir2VcsNoSepCleanup",
                                "exit",
                                15.507256984710693,
                                15.542477,
                                1.0871219999999999,
                                425772,
                                440156,
                                0.58986799999999995,
                                0.768374,
                                1654496894.730607,
                                19162381328922
                            ],
                            "sub": []
                        },
                        {
                            "stat": [
                                "doRadify_vir2vcsAll",
                                "entry",
                                15.507454872131348,
                                15.542666000000001,
                                1.0871360000000001,
                                425772,
                                440156,
                                0.58986799999999995,
                                0.768374,
                                1654496894.7308049,
                                19162381719784
                            ],
                            "sub": []
                        },
                        {
                            "stat": [
                                "doRadify_vir2vcsAll",
                                "exit",
                                16.271625995635986,
                                16.259955999999999,
                                1.131154,
                                435168,
                                440156,
                                0.58986799999999995,
                                0.768374,
                                1654496895.494976,
                                19164594158663
                            ],
                            "sub": []
                        }
                    ]
                },
                {
                    "stat": [
                        "doPostDesignResolutionToVir2Vcs",
                        "exit",
                        16.271865844726562,
                        16.260186000000001,
                        1.13117,
                        435168,
                        440156,
                        0.58986799999999995,
                        0.768374,
                        1654496895.4952159,
                        19164594663089
                    ],
                    "sub": []
                },
                {
                    "stat": [
                        "doGAToPass2",
                        "entry",
                        16.272045850753784,
                        16.260365,
                        1.13117,
                        435168,
                        440156,
                        0.58986799999999995,
                        0.768374,
                        1654496895.4953959,
                        19164594914722
                    ],